Model,Accuracy,Precision,Recall,F1 Score
Random Forest,0.57,0.23809523809523808,0.47619047619047616,0.3174603174603175
LLaMA-4,0.23,0.21428571428571427,1.0,0.35294117647058826
